{
  "losses": [
    8.031228065490723
  ],
  "grad_norms": [
    26.477365493774414
  ],
  "eta_values": [
    1.0,
    1.0,
    1.0,
    1.0,
    1.0,
    1.0,
    1.0,
    1.0
  ]
}