length,n_structures,mean_tm_proxy,median_tm_proxy,mean_rmsd,median_rmsd
58,10,0.04917368778280017,0.04106639097954489,18.188663548533835,18.72129593015555
59,10,0.04566119035329707,0.03786551029081829,19.700971487818023,19.965654835460665
60,10,0.04514526424925977,0.03529666969259112,20.271597415027642,20.857868244376288
