,length,gravy,instability_index,isoelectric_point,aromaticity,charge_at_ph7
count,6864257.0,6864257.0,6864257.0,6864257.0,6864257.0,6864257.0
mean,284.8442282973962,-0.22659384520775733,42.51655361057293,7.307115110222607,0.08211672117682368,-1.8517055642172806
std,338.71450859356713,0.46430562947815573,15.004508105672715,2.1541670239606128,0.0368666121868389,19.668901391312314
min,11.0,-4.32,-76.86772151898727,4.0500284194946286,0.0,-3298.7829861634987
25%,108.0,-0.4845360824742263,33.12532467532466,5.337261009216308,0.05714285714285714,-6.097850430968926
50%,193.0,-0.2492187500000001,41.18775510204079,6.819394493103027,0.07936507936507936,-0.2833195654898475
75%,348.0,-0.009604519774011217,50.29230184582,9.262317848205566,0.10351966873706005,4.809688811636121
max,49499.0,4.37179487179487,559.1108527131737,11.999967765808105,0.9767441860465116,2464.7822221848623
